Common name, Scientific name,Extinction date,Decades,Range,Continent,Category
Giant aye-aye,Daubentonia robusta,1000 AD,1000s,Madagascar,Africa,Mammals
Malagasy hippopotamus,Hippopotamus sp.,1000 AD,1000s,Madagascar,Africa,Mammals
Microgale macpheei,Type of shrew tenrec,100 AD,100s,Madagascar,Africa,Mammals
Voay robustus,,100 AD,100s,Madagascar,Africa,Reptiles
Giant fossa,Cryptoprocta spelea,Before 1400,1300s,Madagascar,Africa,Mammals
Archaeoindris,,Before 1500,1400s,Madagascar,Africa,Mammals
Archaeolemur,,Before 1500,1400s,Madagascar,Africa,Mammals
Babakotia,,Before 1500,1400s,Madagascar,Africa,Mammals
Hadropithecus,,Before 1500,1400s,Madagascar,Africa,Mammals
Lava mouse,Malpaisomys insularis,Before 1500,1400s,Spain (Canary Islands),Africa,Mammals
Mesopropithecus,,Before 1500,1400s,Madagascar,Africa,Mammals
Canary Islands giant rat,Canariomys bravoi and Canariomys tamarani,Before 1500,1400s,Spain (Canary Islands),Africa,Mammals
Koala lemur,Megaladapis sp.,1420 AD,1420s,Madagascar,Africa,Mammals
Large sloth lemur,Palaeopropithecus sp.,1500s,1500s,Madagascar,Africa,Mammals
Ascension night heron,Nycticorax olsoni,1600s,1500s,United Kingdom (Ascension),Africa,Birds
Elephant bird,"Aepyornis, Mullerornis sp. Vorombe titan",1600s,1500s,Madagascar,Africa,Birds
Saint Helena dove,Dysmoropelia dekarchiskos,After 1502,1500s,United Kingdom (Saint Helena),Africa,Birds
Saint Helena rail,Porzana astrictocarpus,After 1502,1500s,United Kingdom (Saint Helena),Africa,Birds
Small Saint Helena petrel,Bulweria bifax,After 1502,1500s,United Kingdom (Saint Helena),Africa,Birds
Saint Helena hoopoe,Upupa antaios,Early 16th century,1500s,United Kingdom (Saint Helena),Africa,Birds
Mauritian giant skink,,1600,1600s,Leiolopisma mauritiana,Africa,Reptiles
Large Saint Helena petrel,Pseudobulweria rupinarum,Early 16th century,1600s,United Kingdom (Saint Helena),Africa,Birds
Saint Helena crake,Porzana astrictocarpus,Early 17th century,1600s,United Kingdom (Saint Helena),Africa,Birds
Mauritian giant skink,Didosaurus maurtianus,1650,1650s,Mauritius,Africa,Reptiles
Ascension flightless crake,Mundia elpenor,1656?,1650s,United Kingdom (Ascension),Africa,Birds
Mauritius night-heron,Nycticorax mauritianus,Late 17th century,1650s,Mauritius,Africa,Birds
Réunion night heron,,Late 17th century,1650s,Nycticorax duboisi,Africa,Birds
Réunion rail,,Late 17th century,1650s,Dryolimnas augusti,Africa,Birds
Réunion owl,,Late 17th century,1650s,Mascarenotus grucheti,Africa,Birds
Dodo,Raphus cucullatus,1662,1660s,Mauritius,Africa,Birds
Broad-billed parrot,Lophopsittacus mauritianus,1680,1680s,Mauritius,Africa,Birds
Mauritian duck,Anas theodori,1690s,1690s,Mauritius and France (Reunion),Africa,Birds
Mauritian shelduck,Alopochen mauritianus,1690s,1690s,Mauritius and France (Reunion),Africa,Birds
Réunion shelduck,Mascarenachen kervazoi,1690s,1690s,France (Reunion),Africa,Birds
Réunion shelduck,,1690s,1690s,Alopochen kervazoi ,Africa,Birds
Mascarene coot,Fulica newtoni,1700,1700s,Mauritius and France (Reunion),Africa,Birds
Réunion kestrel,,1700,1700s,Falco duboisi,Africa,Birds
"Réunion pink pigeon, ",,1700,1700s,Streptopelia duboisi,Africa,Birds
Réunion pigeon,Nesoenas duboisi,1705,1700s,France (Reunion),Africa,Birds
Red rail,Aphanapteryx bonasia,1700s,1700s,Mauritius,Africa,Birds
Réunion kestrel,Falco duboisi,1700s,1700s,France (Reunion),Africa,Birds
Réunion night-heron,Nycticorax duboisi,1700s,1700s,France (Reunion),Africa,Birds
Réunion owl,Mascarenotus grucheti,1700s,1700s,France (Reunion),Africa,Birds
Réunion flightless ibis,Threskiornis solitarius,Early 18th century,1700s,France (Réunion),Africa,Birds
Domed Mauritius giant tortoise,Cylindraspis triserrata,Early 18th century,1700s,Mauritius,Africa,Reptiles
Saddle-backed Mauritius giant tortoise,Cylindraspis inepta,Early 18th century,1700s,Mauritius,Africa,Reptiles
Réunion ibis,,Early 18th century,1700s,Threskiornis solitarius,Africa,Birds
Réunion gallinule,Porphyrio coerulescens,1730,1730s,France (Réunion),Africa,Birds
Rodrigues night-heron,Nycticorax megacephalus,1750s,1750s,Mauritius,Africa,Birds
Rodrigues owl,Mascarenotus murivorus,1750s,1750s,Mauritius,Africa,Birds
Rodrigues parrot,Necropsittacus rodericanus,1750s,1750s,Mauritius,Africa,Birds
Rodrigues rail,Erythromachus leguati,1750s,1750s,Mauritius,Africa,Birds
Rodrigues starling,Necropsar rodericanus,1750s,1750s,Mauritius,Africa,Birds
Réunion swamphen,,Mid 18th century,1750s,Porphyrio coerulescens,Africa,Birds
Réunion parakeet,,Mid 18th century,1750s,Psittacula eques eques,Africa,Birds
Mascarene grey parakeet,Psittacula bensoni,1764,1760s,Mauritius,Africa,Birds
Mauritius grey parrot,Psittacula bensoni,1764,1760s,Mauritius and France (Reunion),Africa,Birds
Rodrigues solitaire,Pezophaps solitaria,1778,1770s,Mauritius,Africa,Birds
Réunion giant tortoise,,1800,1800s,Cylindraspis indica,Africa,Reptiles
Bluebuck,Hippotragus leucophaeus,1799 or 1800,1800s,South Africa,Africa,Mammals
Domed Rodrigues giant tortoise,Cylindraspis peltastes,1800s,1800s,Mauritius,Africa,Reptiles
Saddle-backed Rodrigues giant tortoise,Cylindraspis vosmaeri,1800s,1800s,Mauritius,Africa,Reptiles
Delalande's coua,Coua delalandei,1834,1830s,Madagascar,Africa,Birds
Mascarene parrot,Mascarinus mascarinus,1834,1830s,France (Reunion),Africa,Birds
Mascarene parrot,,1834,1830s,Mascarinus mascarinus,Africa,Birds
Mauritius blue pigeon,Alectroenas nitidissimus,1830s,1830s,Mauritius,Africa,Birds
Rodrigues giant day gecko,Phelsuma gigas,1842,1840s,Mauritius,Africa,Reptiles
Réunion giant tortoise,Cylindraspis indica,1840s,1840s,France (Reunion),Africa,Reptiles
Mauritius owl,Mascarenotus sauzieri,1850,1850s,Mauritius,Africa,Birds
Réunion starling,Fregilupus varius,1850s,1850s,France (Réunion),Africa,Birds
Bourbon crested starling,,1850s,1850s,Fregilupus varius,Africa,Birds
Saint Helena cuckoo,Nannococcyx psix,Late 18th century,1850s,United Kingdom (Saint Helena),Africa,Birds
Tristan moorhen,Gallinula nesiotis,Late 19th century,1850s,United Kingdom (Tristan da Cunha),Africa,Birds
Lesser Mascarene flying fox,,1862,1860s,Pteropus subniger,Africa,Mammals
Lesser Mascarene flying fox,Pteropus subniger,1864-1873,1860s,Mauritius and France (Reunion),Africa,Mammals
Cape warthog,Phacochoerus aethiopicus aethiopicus,1871,1870s,South Africa,Africa,Mammals
Newton's parakeet,Psittacula exsul,1875,1870s,Mauritius,Africa,Birds
Cape lion,Panthera leo melanochaitus,1876,1870s,South Africa,Africa,Mammals
Atlas bear,Ursus arctos crowtheri,1870s,1870s,North Africa,Africa,Mammals
Quagga,Equus quagga quagga,1883,1880s,Namibia and South Africa,Africa,Mammals
Seychelles parakeet,Psittacula wardis,1886,1880s,Seychelles,Africa,Birds
Red gazelle,Eudorcas rufina,1894,1890s,Algeria,Africa,Mammals
De Winton's golden mole,Cryptochloris wintoni,1907,1900s,South Africa,Africa,Mammals
Eastwood's long-tailed seps,Tetradactylus eastwoodae,1912,1910s,South Africa,Africa,Reptiles
Rodrigues day gecko,Phelsuma edwardnewtoni,1917,1910s,Mauritius,Africa,Reptiles
Madeiran wood pigeon,Columba palumbus maderensis,1924,1920s,Portugal (Madeira),Africa,Birds
Bubal hartebeest,Alcelaphus buselaphus buselaphus,1925,1920s,North Africa,Africa,Mammals
Ethiopian amphibious rat,Nilopegamys plumbeus,1927,1920s,Ethiopia,Africa,Mammals
Roque Chico de Salmor giant lizard,Gallotia simonyi simonyi,1930s,1930s,Spain (Canary Islands),Africa,Reptiles
Salmo pallaryi,,1930s,1930s,Morocco,Africa,Fish
Canary Islands oystercatcher,Haematopus meadewaldoi,1940,1940s,Spain (Canary Islands),Africa,Birds
Cape Verde giant skink,Macroscincus coctei,1940,1940s,Cape Verde,Africa,Reptiles
Du Toit's torrent frog,Arthroleptides dutoiti,1962,1960s,Kenya,Africa,Amphibians
Ptychochromis onilahy,,1962,1960s,Madagascar,Africa,Fish
Round Island burrowing boa,Bolyeria multocarinata,1975,1970s,Mauritius,Africa,Reptiles
Wimmer's shrew,Crocidura wimmeri,1976,1970s,Côte d'Ivoire,Africa,Mammals
Aplocheilichthys sp. nov. 'Naivasha',,1970s,1970s,Kenya,Africa,Fish
Aldabra brush-warbler,Nesillas aldabrana,1983,1980s,Seychelles,Africa,Birds
Alaotra grebe,Tachybaptus rufolavatus,1985,1980s,Madagascar,Africa,Birds
Eastern Canary Islands chiffchaff,Phylloscopus canariensis exsul,1986,1980s,Spain (Canary Islands),Africa,Birds
Western black rhinoceros,Diceros bicornis longipes,1996,1990s,Cameroon,Africa,Mammals
Osgood's Ethiopian toad,Altiphrynoides osgoodi,2003,2000s,Ethiopia,Africa,Amphibians
Atlas wild ass,Equus africanus atlanticus,300,300s,North Africa,Africa,Mammals
North African elephant,Loxodonta africana pharaoensis,300 AD,300s,North Africa,Africa,Mammals
Damaliscus hysodon,,10000 BC,BC,East Africa,Africa,Mammals
Hipposideros besaoka,The largest insectivorous bat of Madagascar,"10,000 BC",BC,Madagascar,Africa,Mammals
Bibymalagasy,Plesiorycteropus sp.,200 BC,BC,Madagascar,Africa,Mammals
Megaceroides algericus,"Deer with a bizarre wide, short, incredibly thick skull",4000 BC,BC,North Africa,Africa,Mammals
Megalotragus,Very large bovids,"10,000 BC",BC,Africa,Africa,Mammals
Syncerus (formerly Pelorovis) antiquus,"Very large, African bufflalo-like bovid",2000 BC,BC,Africa,Africa,Mammals
Mauritius starling,Cryptopsar ischyrhynchus,Holocene Epoch,Holocene Epoch,Mauritius,Africa,Birds
Aurochs,Bos primigenius,Unknown,Unknown,North Africa,Africa,Mammals
Cape serval,Leptailurus serval serval,Unknown,Unknown,South Africa,Africa,Mammals
Kenya oribi,Ourebia ourebi kenyae,Unknown,Unknown,Kenya,Africa,Mammals
Robert's lechwe,Kobus leche robertsi,Unknown,Unknown,South Africa,Africa,Mammals
Canary Islands quail,Coturnix gomerae,Unknown,Unknown,Spain (Canary Islands),Africa,Birds
Lagrand's ground roller,Brachypteracias lagrandi,Unknown,Unknown,Madagascar,Africa,Birds
Hoffstetter's worm snake,Typhlops cariei,Unknown,Unknown,Mauritius,Africa,Reptiles
Mozambique centipede-eater,Aparallactus nigriceps,Unknown,Unknown,Mozambique,Africa,Reptiles
Togo slippery frog,Conraua derooi,Unknown,Unknown,Ghana and Togo,Africa,Amphibians
Barbus microbarbis,,Unknown,Unknown,Rwanda,Africa,Fish
Pantanodon madagascariensis,,Unknown,Unknown,Madagascar,Africa,Fish
Buhler's coryphomys,Coryphomys buehleri,1500s,1500s,Indonesia (Timor),Asia,Mammals
Flores cave rat,Spelaeomys florensis,1500s,1500s,Indonesia (Flores),Asia,Mammals
Flores long-nosed rat,Paulamys naso,1500s,1500s,Indonesia (Flores),Asia,Mammals
Verhoeven's giant tree rat,Papagomys theodorverhoeveni,1500s,1500s,Indonesia (Flores),Asia,Mammals
Aurochs,Bos primigenius,"India (13th century AD), Eurasia (1627)",1620s,Northern Asia and Indian Subcontinent,Asia,Mammals
Steller's sea cow,Hydrodamalis gigas,1768,1760s,Russia (Commander Islands),Asia,Mammals
Bonin thrush,Zoothera terrestris,1827,1820s,Japan (Bonin Islands),Asia,Birds
Bonin grosbeak,Carpodacus ferreorostris,1828,1820s,Japan (Bonin Islands),Asia,Birds
Black-browed babbler,Malacocincla perspicillata,1843 to 1848,1840s,Indonesia,Asia,Birds
Spectacled cormorant,Phalacrocorax perspicillatus,1850,1850s,Russia,Asia,Birds
Pseudophilautus leucorhinus,,1856,1850s,Sri Lanka,Asia,Amphibians
Caucasian elk,Alces alces caucasicus,1850s,1850s,"Caucasus Mountains, Iran and Turkey",Asia,Mammals
Pseudophilautus maia,,1860,1860s,Sri Lanka,Asia,Amphibians
Pseudophilautus temporalis,,1864,1860s,Sri Lanka,Asia,Amphibians
Siau scops owl,Otus manadensis siaoensis,1866,1860s,Indonesia (Sulawesi),Asia,Birds
Pseudophilautus nanus,,1869,1860s,Sri Lanka,Asia,Amphibians
Pseudophilautus nasutus,,1869,1860s,Sri Lanka,Asia,Amphibians
Pseudophilautus oxyrhynchus,,1872,1870s,Sri Lanka,Asia,Amphibians
Himalayan quail,Ophrysia superciliosa,1876,1870s,India,Asia,Birds
Pseudophilautus pardus,,Before 1876,1870s,Sri Lanka,Asia,Amphibians
Gunther's streamlined frog,Nannophrys guentheri,1882,1880s,Sri Lanka,Asia,Amphibians
Pseudophilautus extirpo,,1882,1880s,Sri Lanka,Asia,Amphibians
Pseudophilautus adspersus,,1886,1880s,Sri Lanka,Asia,Amphibians
Ryukyu kingfisher,Todiramphus miyakoensis,1887,1880s,Japan (Ryukyu Islands),Asia,Birds
Hokkaidō wolf,Canis lupus hattai,1889,1880s,"Japan (Hokkaidō) and Russia (Sakhalin, Kuril Islands, and Kamchatka)",Asia,Mammals
Bonin nankeen night heron,Nycticorax caledonicus crassirostris,1889,1880s,Japan (Bonin Islands),Asia,Birds
Bonin wood pigeon,Columba versicolor,1889,1880s,Japan (Bonin Islands),Asia,Birds
Sulu bleeding-heart,Gallicolumba menagei,1891,1890s,Philippines,Asia,Birds
Pseudophilautus halyi,,1899,1890s,Sri Lanka,Asia,Amphibians
Honshū wolf,Canis lupus hodophilax,1905,1900s,"Japan (Honshū, Shikoku, and Kyūshū)",Asia,Mammals
Rück's blue flycatcher,Cyornis ruckii,1918,1910s,Indonesia (Sumatra),Asia,Birds
Caucasian wisent,Bison bonasus caucasicus,1925,1920s,Caucasus Mountains,Asia,Mammals
Pseudophilautus rugatus,,1927,1920s,Sri Lanka,Asia,Amphibians
Pseudophilautus zimmeri,,1927,1920s,Sri Lanka,Asia,Amphibians
Bering cackling goose,Branta hutchinsii asiatica,1929,1920s,Russia (Komandorski and Kuril Islands),Asia,Birds
Vaurie's nightjar,Caprimulgus centralasicus,1929,1920s,China,Asia,Birds
Indian Javan rhinoceros,Rhinoceros sondaicus inermis,Before 1925,1920s,"Bangladesh, Burma (Myanmar), and India",Asia,Mammals
Mukojima white-eye,Apalopteron familiare familiare,1930,1930s,Japan (Bonin Islands),Asia,Birds
Pseudophilautus dimbullae,,1933,1930s,Sri Lanka,Asia,Amphibians
Pseudophilautus eximius,,1933,1930s,Sri Lanka,Asia,Amphibians
Ryukyu wood pigeon,Columba jouyi,1936,1930s,Japan (Ryukyu Islands),Asia,Birds
Schomburgk's deer,Rucervus schomburgki,1938,1930s,Thailand,Asia,Mammals
Javan lapwing,Vanellus macropterus,1940,1940s,Indonesia (Java),Asia,Birds
Bali tiger,Panthera tigris sondaica,1940s,1940s,Indonesia (Bali),Asia,Mammals
Pseudophilautus zal,,Before 1947,1940s,Sri Lanka,Asia,Amphibians
Cyprus dipper,Cinclus cinclus olympicus,1950,1950s,Cyprus,Asia,Birds
Queen of Sheba's gazelle,Gazella bilkis,1951,1950s,Yemen,Asia,Mammals
Ilin Island cloudrunner,Crateromys paulus,1953,1950s,Philippines,Asia,Mammals
Negros fruit dove,Ptilinopus arcanus,1953,1950s,Philippines,Asia,Birds
Pink-headed duck,Rhodonessa caryophyllacea,1950s,1950s,"Bangladesh, Burma (Myanmar) and India",Asia,Birds
Gloomy tube-nosed bat,Murina tenebrosa,1962,1960s,"Tsushima Island, Japan",Asia,Mammals
Arabian ostrich,Struthio camelus syriacus,1966,1960s,Middle East,Asia,Birds
Catanduanes bleeding heart,Gallicolumba luzonica rubiventris,1971,1970s,Philippines,Asia,Birds
Japanese sea lion,Zalophus japonicus,1974,1970s,Sea of Japan,Asia,Mammals
Acanthobrama hulensis,,1975,1970s,Israel,Asia,Fish
Siamese flat-barbelled catfish,Platytropius siamensis,1977,1970s,Thailand,Asia,Fish
Japanese river otter,Lutra lutra whiteleyi,1979,1970s,Japan,Asia,Mammals
Yunnan lake newt,Cynops wolterstorffi,1979,1970s,China (Yunnan),Asia,Amphibians
Caspian tiger,Panthera tigris tigris,1970s,1970s,Turkey to China,Asia,Mammals
Javan tiger,Panthera tigris sondaica,1970s,1970s,Indonesia (Java),Asia,Mammals
Tristramella intermedia,,1970s,1970s,Israel,Asia,Fish
White-eyed river martin,Pseudochelidon sirintarae,1980,1980s,Thailand,Asia,Birds
Cyprinus yilongensis,,1981,1980s,China,Asia,Fish
Crested shelduck,Tadorna cristata,1985,1980s,"Japan, North Korea and South Korea",Asia,Birds
Malabar civet,Viverra civettina,1987,1980s,India,Asia,Mammals
Kouprey,Bos sauveli,1988,1980s,"Cambodia, Laos, Thailand & Vietnam",Asia,Mammals
Slender-billed curlew,Numenius tenuirostris,1998,1990s,Russia (Siberia),Asia,Birds
Gokce baligi,Alburnus akili,1998,1990s,Turkey,Asia,Fish
Formosan clouded leopard,Neofelis nebulosa brachyura,1990s,1990s,Taiwan,Asia,Mammals
Cebu warty pig,Sus cebifrons cebifrons,2000,2000s,Philippines,Asia,Mammals
Baiji,Lipotes vexillifer,2004,2000s,"Yangtze River, China",Asia,Mammals
Vietnamese Javan rhinoceros,Rhinoceros sondaicus annamiticus,2010,2010s,Vietnam to Malaysia,Asia,Mammals
Cave lion,Panthera spelaea,10000 BC,BC,Northern Asia and had a widespread across Europe and Southern Asia,Asia,Mammals
Chinese elephant,Elephas maximus rubridens,1500 BC,BC,Eastern China,Asia,Mammals
Elasmotherium,Elasmotherium sp.,29000 BC,BC,Northern Asia,Asia,Mammals
Giant tapir,Tapirus augustus,2000 BC,BC,China,Asia,Mammals
Giant deer,Megaloceros giganteus,5700 BC,BC,Northern Asia,Asia,Mammals
Stegodon,Stegodon florensis insularis,2150 BC,BC,Indonesia (Flores) and Philippine Islands,Asia,Mammals
Steppe wisent,Bison priscus,3400 BC,BC,Central Asia to Siberia,Asia,Mammals
Syrian elephant,Elephas maximus asurus,100 BC,BC,Middle East,Asia,Mammals
Woolly mammoth,Mammuthus primigenius,2000 BC,BC,Northern Asia,Asia,Mammals
Woolly rhinoceros,Coelodonta antiquitatis,10000 BC,BC,Northern Asia,Asia,Mammals
Asian ostrich,Struthio asiaticus,"10,000 BC",BC,Middle East to Central Asia,Asia,Birds
Bennu heron,Ardea bennuides,2000 BC,BC,United Arab Emirates,Asia,Birds
Megalochelys atlas,,10000 BC,BC,Indian Subcontinent to Indonesia,Asia,Reptiles
Cyprus dwarf hippopotamus,Hippopotamus minor,Unknown,Unknown,Cyprus,Asia,Mammals
Northern Sumatran rhinoceros,Dicerorhinus sumatrensis lasiotis,Unknown,Unknown,"Bangladesh, Burma (Myanmar), and India",Asia,Mammals
Saudi gazelle,Gazella saudiya,Unknown,Unknown,Arabian Peninsula,Asia,Mammals
Sturdee's pipistrelle,Pipistrellus sturdeei,Unknown,Unknown,Japan (Bonin Islands),Asia,Mammals
Cebu hanging parrot,Loriculus philippensis chrysonotus,Unknown,Unknown,Philippines (Cebu),Asia,Birds
Pseudophilautus malcolmsmithi,,Unknown,Unknown,Sri Lanka,Asia,Amphibians
Pseudophilautus variabilis,,Unknown,Unknown,Sri Lanka,Asia,Amphibians
Tristramella magdelainae,,Unknown,Unknown,Syria,Asia,Fish
brown bear,Ursus arctos arctos,1000s,1000s,Netherlands,Europe,Mammals
Lion,Panthera leo leo,1st to 4th century AD - 10th century AD,1000s,Balkans - Transcaucasia,Europe,Mammals
European elk,Alces alces alces,1025,1020s,Netherlands,Europe,Mammals
Canary Islands giant rats Canariomys bravoi and Canariomys tamarani,,Before 1500,1400s,Spain (the Canary Islands),Europe,Mammals
White stork,,1416,1410s,British Isles,Europe,Birds
Sardinian giant shrew,Nesiotites similis,1500s,1500s,Italy (Sardinia),Europe,Mammals
Atlantic gray whale,Eschrichtius robustus,1600s,1500s,North Atlantic (seen in Mediterranean in 2010),Europe,Mammals
Aurochs,Bos primigenius,1627,1620s,Europe (native to Poland),Europe,Mammals
Aurochs,,1627,1620s,Romania,Europe,Mammals
Brown bear,,1758,1750s,"Ursus arctos, Linnaeus",Europe,Mammals
Common sturgeon of Europe,,1758,1750s,"Acipenser sturio, Linnaeus",Europe,Fish
Zope,,1758,1750s,"Ballerus ballerus, Lithuania",Europe,Fish
European mink,,1761,1760s,"Mustela lutreola, Linnaeus",Europe,Mammals
Garden dormouse,,1766,1760s,"Eliomys quercinus, Lithuania",Europe,Mammals
Sardinian pika,Prolagus sardus,1774,1770s,Italy (Sardinia),Europe,Mammals
Western capercaillie,,1780s,1780s,British Isles,Europe,Birds
Carpathian wisent,Bison bonasus hungarorum,1790,1790s,the Carpathian Mountains,Europe,Mammals
Eurasian spoonbill,,1600s,1800s,British Isles,Europe,Birds
Saiga antelope,Saiga tatarica,1800s,1800s,"Moldova, Poland, Romania, Russia, Ukraine",Europe,Mammals
Great bustard,,1800s,1800s,British Isles,Europe,Birds
Pied avocet,,1800s,1800s,British Isles,Europe,Birds
Great auk,,1844,1840s,British Isles,Europe,Birds
Great auk,Pinguinus impennis,1854,1850s,Iceland and the northern European coast,Europe,Birds
Caucasian elk,Alces alces caucasicus,1850s,1850s,the Caucasus Mountains,Europe,Mammals
Chondrostoma scodrense,,Late 19th century,1850s,Albania and Montenegro,Europe,Fish
Northern goshawk,,Late 19th century,1850s,British Isles,Europe,Birds
Western marsh harrier,,Late 19th century,1850s,British Isles,Europe,Birds
European mink,Mustela lutreola,1887,1880s,Netherlands,Europe,Mammals
Coregonus restrictus,,1890,1890s,"Lake Morat, Switzerland",Europe,Fish
Danube delta gudgeon,Salvelinus neocomensis,1890,1890s,"the Lower Danube, Romania and Ukraine",Europe,Fish
Portuguese ibex,Capra pyrenaica lusitanica,1892,1890s,Portugal and Spain,Europe,Mammals
Tarpan,Equus ferus ferus,1909,1900s,Europe,Europe,Mammals
Tarpan,Eurasian wild horse,1909,1900s,Romania,Europe,Mammals
Osprey,,1916,1910s,British Isles,Europe,Birds
White-tailed eagle,,1916,1910s,British Isles,Europe,Birds
Caucasian wisent,Bison bonasus caucasicus,1925,1920s,the Caucasus Mountains,Europe,Mammals
St. Kilda house mouse,Mus musculus muralis,1930,1930s,the United Kingdom (St. Kilda),Europe,Mammals
wood sandpiper,Tringa glareola,1939,1930s,Netherlands,Europe,Birds
Roque Chico de Salmor giant lizard,Gallotia simonyi simonyi,1930s,1930s,Spain (the Canary Islands),Europe,Reptiles
Lake Constance whitefish,Coregonus gutturosus,1930s,1930s,"Austria, Germany and Switzerland",Europe,Fish
Houting,Coregonus oxyrinchus,1940,1940s,"Belgium, France, Germany, the Netherlands and the United Kingdom",Europe,Fish
Pied raven,Corvus corax varius morpha leucophaeus,1950,1950s,Denmark (the Faroe Islands),Europe,Birds
Ratas Island lizard,Podarcis lilfordi rodriquezi,1950,1950s,Spain (Minorca),Europe,Reptiles
Coregonus fera,,1950,1950s,France and Switzerland,Europe,Fish
Gravenche,Coregonus hiemalis,1950,1950s,France and Switzerland,Europe,Fish
Santo Stefano lizard,Podarcis sicula sanctistephani,1965,1960s,Italy (Santo Stefano Island),Europe,Reptiles
Coregonus bezola,,1960s,1960s,"Lac du Bourget, France",Europe,Fish
Techirghiol stickleback,Gasterosteus crenobiontus,1960s,1960s,"Lake Techirghiol, Romania",Europe,Fish
Alosa fallax,twaite shad,1970,1970s,Netherlands,Europe,Fish
houting,Coregonus oxyrinchus,1970,1970s,Netherlands,Europe,Fish
greater horseshoe bat,Rhinolophus ferrumequinum,1974,1970s,Netherlands,Europe,Mammals
Kentish plover,,1979,1970s,British Isles,Europe,Birds
Caspian tiger,"Panthera tigris tigris, syn. Panthera tigris virgata",1970s,1970s,Turkey to the Caucasus Mountains,Europe,Mammals
lesser horseshoe bat,Rhinolophus hipposideros,1983,1980s,Netherlands,Europe,Mammals
Red-backed shrike,,1989,1980s,British Isles,Europe,Birds
Majorcan hare,Lepus granatensis solisi,1980s,1980s,Spain (Majorca),Europe,Mammals
Alosa alosa,allis shad,1993,1990s,Netherlands,Europe,Fish
Pyrenean ibex,Capra pyrenaica pyrenaica,2000,2000s,"Andorra, France, Portugal and Spain",Europe,Mammals
aurochs,Bos primigenius primigenius,400 AD,400s,Netherlands,Europe,Mammals
Balearic Islands cave goat,Myotragus balearicus,"3,000 BC",BC,Spain (the Balearic Islands),Europe,Mammals
Cave bear Ursus spelaeus,,"27,500 BC",BC,Europe,Europe,Mammals
Eurasian cave lion,Panthera spelaea,"10,000 BC",BC,Europe,Europe,Mammals
Elasmotherium Elasmotherium sp.,,"10,000 BC",BC,Europe,Europe,Mammals
Giant Deer Megaloceros giganteus,,"5,000 BC",BC,northern Europe,Europe,Mammals
Homotherium Homotherium sp.,,"10,000 BC",BC,Europe,Europe,Mammals
Steppe bison,Bison priscus,5400 BC,BC,British Isles and continental Europe,Europe,Mammals
Woolly mammoth Mammuthus primigenius,,"earlier than 10,000 BC",BC,Europe,Europe,Mammals
Woolly rhinoceros Coelodonta antiquitatis,,"10,000 BC",BC,Europe,Europe,Mammals
Ibizan rail,Rallus eivissensis,"5,000 BC",BC,Spain (the Balearic Islands),Europe,Birds
Dalmatian pelican,,1000 BC,BC,British Isles,Europe,Birds
Eurasian eagle owl,,8000 BC,BC,British Isles,Europe,Birds
Cave hyena Crocuta crocuta spelaea,,"11,000 BC",BC,Europe,Europe,Mammals
European Ice Age leopard Panthera pardus spelaea,,"24,000 BC",BC,Europe,Europe,Mammals
European ass Equus hydruntinus,,Holocene,Holocene,Europe,Europe,Mammals
European dhole Cuon alpinus europaeus),,Holocene,Holocene,Europe,Europe,Mammals
European gazelle Gazella borbonica,,Holocene,Holocene,Europe,Europe,Mammals
Fea's petrel,,Iron Age,Iron Age,British Isles,Europe,Birds
Common crane,,Late medieval period,Late medieval period,British Isles,Europe,Birds
Little egret,,Late medieval period ,Late medieval period,British Isles,Europe,Birds
Cretan dwarf megacerine ',,Late Pleistocene,Late Pleistocene,Greece (Crete),Europe,Mammals
Giant swan,Cygnus falconeri,Late Pleistocene,Late Pleistocene,Italy (Sicily) and Malta,Europe,Birds
Cretan owl,Athene cretensis,Late Pleistocene,Late Pleistocene,Greece (Crete),Europe,Birds
Eurasian lynx,Lynx lynx lynx,Roman period,Roman period,Netherlands,Europe,Mammals
Balearic giant shrew Nesiotites hidalgo,,Unknown,Unknown,Spain (the Balearic Islands),Europe,Mammals
Bison schoetensacki,Bison schoetensacki,Unknown,Unknown,Continental Europe,Europe,Mammals
Dwarf elephant,,Unknown,Unknown,various Mediterranean islands,Europe,Mammals
Majorcan giant dormouse Hypnomys morphaeus,,Unknown,Unknown,Spain (Majorca),Europe,Mammals
Maltese hippopotamus Hippopotamus melitensis,,Unknown,Unknown,Malta,Europe,Mammals
Minorcan giant dormouse Hypnomys mahonensis,,Unknown,Unknown,Spain (Minorca),Europe,Mammals
Sardinian dhole Cynotherium sardous,,Unknown,Unknown,France (Corsica) and Italy (Sardinia),Europe,Mammals
Stephanorhinus Stephanorhinus sp.,,Unknown,Unknown,Europe,Europe,Mammals
Ukrainian migratory lamprey,Eudontomyzon sp. nov. 'migratory',Unknown,Unknown,"Moldova, Russia and Ukraine",Europe,Fish
Wryneck,,Unknown,Unknown,British Isles,Europe,Birds
barbastelle bat,Barbastellus barbastellus,Unknown,Unknown,Netherlands,Europe,Mammals
tarpan,Equus ferus,Unknown,Unknown,Netherlands,Europe,Mammals
great auk,Pinguinus impennis,Unknown,Unknown,Netherlands,Europe,Birds
common seahorse,Hippocampus ramulosus,Unknown,Unknown,Netherlands,Europe,Fish
Thymallus thymallus,grayling,Unknown,Unknown,Netherlands,Europe,Fish
brown trout,Salmo trutta fario,Unknown,Unknown,Netherlands,Europe,Fish
deepnosed pipifish,Syngnathus typhle,Unknown,Unknown,Netherlands,Europe,Fish
Panthera spelaea,,Unknown,Unknown,Romania,Europe,Mammals
Deinotherium,,Unknown,Unknown,Romania,Europe,Mammals
Cave hyena,,Unknown,Unknown,Romania,Europe,Mammals
Cave bear,,Unknown,Unknown,Romania,Europe,Mammals
Neanderthal,,Unknown,Unknown,Romania,Europe,Mammals
Homo heidelbergensis,,Unknown,Unknown,Romania,Europe,Mammals
Woolly Mammoth,,Unknown,Unknown,Romania,Europe,Mammals
Woolly Rhinoceros,,Unknown,Unknown,Romania,Europe,Mammals
Straight-tusked elephant,,Unknown,Unknown,Romania,Europe,Mammals
Barbary macaque,,Unknown,Unknown,Romania,Europe,Mammals
Mammuthus rumanus,,Unknown,Unknown,Romania,Europe,Mammals
Panthera leo,,Unknown,Unknown,Romania,Europe,Mammals
Archaeopteryx,,Unknown,Unknown,Romania,Europe,Birds
Zalmoxes,,Unknown,Unknown,Romania,Europe,Reptiles
Struthiosaurus transilvanicus,,Unknown,Unknown,Romania,Europe,Reptiles
Telmatosaurus,,Unknown,Unknown,Romania,Europe,Reptiles
Elopteryx,,Unknown,Unknown,Romania,Europe,Reptiles
Magyarosaurus,,Unknown,Unknown,Romania,Europe,Reptiles
Bradycneme draculae,,Unknown,Unknown,Romania,Europe,Reptiles
Balaur bondoc,,Unknown,Unknown,Romania,Europe,Reptiles
Heptasteornis,,Unknown,Unknown,Romania,Europe,Reptiles
Hatzegopteryx,,Unknown,Unknown,Romania,Europe,Reptiles
Rhabdodon,,Unknown,Unknown,Romania,Europe,Reptiles
Cuban coney,Geocapromys columbianus,1500s,1500s,Cuba,North America,Mammals
Hispaniolan edible rat,Heteropsomys insulans [8],1500s,1500s,Hispaniola,North America,Mammals
Imposter hutia,Hexolobodon phenax,1500s,1500s,Hispaniola,North America,Mammals
Jamaican monkey,Xenothrix mcgregori,1500s,1500s,Jamaica,North America,Mammals
Marcano's solenodon,Solenodon marcanoi,1500s,1500s,Hispaniola,North America,Mammals
Montane hutia,Isolobodon montanus,1500s,1500s,Hispaniola,North America,Mammals
Nevis rice rat,Pennatomys nivalis,1500s,1500s,"Netherlands (Sint Eustatius) and Saint Kitts, Nevis",North America,Mammals
Oriente cave rat,Boromys offella,1500s,1500s,Cuba,North America,Mammals
Samana hutia,Plagiodontia ipnaeum,1500s,1500s,Hispaniola,North America,Mammals
Torre's cave rat,Boromys torrei,1500s,1500s,Cuba,North America,Mammals
West Indies nesophontes Nesophontes sp.,Atalaye nesophontes,1500s,1500s,"Cuba, Hispaniola, Puerto Rico, the U.S. Virgin Islands and the Cayman Islands",North America,Mammals
Bahaman barn owl,Tyto pollens,1500s,1500s,"Andros Island, the Bahamas",North America,Birds
Atlantic gray whale,Eschrichtius robustus,1600s,1500s,the East Coast,North America,Mammals
Insular cave rat,Heteropsomys insulans,1600s,1500s,Puerto Rico,North America,Mammals
Puerto Rican hutia,Isolobodon portoricensis,1600s,1500s,Hispaniola and Puerto Rico,North America,Mammals
Puerto Rican long-nosed bat,Monophyllus frater,1600s,1500s,Puerto Rico,North America,Mammals
Bermuda saw-whet owl,Aegolius gradyi,1600s,1500s,Bermuda,North America,Birds
Bermuda hawk,Bermuteo avivorus,1603,1600s,Bermuda,North America,Birds
Martinique macaw,Ara martinicus,After 1658,1650s,Martinique and Guadeloupe,North America,Birds
Bermuda flicker,Colaptes oceanicus,1700s,1700s,Bermuda,North America,Birds
Bermuda night heron,Nyctanassa carcinocatactes,1700s,1700s,Bermuda,North America,Birds
Guadeloupe parakeet,Aratinga labati,1700s,1700s,Guadeloupe,North America,Birds
Lesser Antillean macaw,Ara guadeloupensis,1760,1760s,Guadeloupe,North America,Birds
Steller's sea cow,Hydrodamalis gigas,1768,1760s,the Commander Islands,North America,Mammals
Guadeloupe parrot,Amazona violacea,1779,1770s,Guadeloupe,North America,Birds
Martinique parrot,Amazona martinicana,1779,1770s,Martinique,North America,Birds
Mauge's parakeet,Aratinga chloroptera maugei,1779,1770s,"Mona Island, Puerto Rico",North America,Birds
Chendytes lawi,,1800,1800s,the California coast,North America,Birds
Martinique curly-tailed lizard,Leiocephalus herminieri,1830s,1830s,Martinique,North America,Reptiles
Martinique lizard,Leiocephalus herminieri,1830s,1830s,Martinique and Guadeloupe,North America,Reptiles
Jamaica giant galliwasp,Celestus occiduus,1840,1840s,Jamaica,North America,Reptiles
Spectacled cormorant,Phalacrocorax perspicillatus,1850,1850s,the Commander Islands,North America,Birds
Saint Lucia giant rice rat,Megalomys luciae,1852,1850s,Saint Lucia,North America,Mammals
Great auk,Pinguinus impennis,1852,1850s,the North Atlantic coast,North America,Birds
Antiguan burrowing owl,Athene cunicularia amaura,Late 19th century,1850s,Antigua and Barbuda,North America,Birds
Guadeloupe burrowing owl,Athene cunicularia guadeloupensis,Late 19th century,1850s,Guadeloupe,North America,Birds
Navassa Island dwarf boa,Tropidophis bucculentus,Late 19th century,1850s,Navassa Island,North America,Reptiles
Navassa Island iguana,Cyclura cornuta onchiopsis,Late 19th century,1850s,Navassa Island,North America,Reptiles
Sea mink,Neovison macrodon,1860,1860s,Atlantic Canada and the New England region,North America,Mammals
Jamaican poorwill,Siphonorhis americana,1860,1860s,Jamaica,North America,Birds
Navassa curly-tailed lizard,Leiocephalus eremitus,1868,1860s,Navassa Island,North America,Reptiles
Cuban macaw,Ara tricolor,1860s,1860s,Cuba,North America,Birds
Eastern elk,Cervus canadensis canadensis,1877,1870s,Laurentia,North America,Mammals
Labrador duck,Camptorhynchus labradorius,1878,1870s,the Atlantic Northeast,North America,Birds
Jamaican petrel,Pterodroma caribbaea,1879,1870s,Jamaica,North America,Birds
Jamaican rice rat,Oryzomys antillarum,1870s,1870s,Jamaica,North America,Mammals
Brace's emerald,Chlorostilbon bracei,1870s,1870s,the Bahamas,North America,Birds
Harelip sucker,Moxostoma lacerum,1893,1890s,the southeastern U.S.,North America,Fish
Gull Island vole,Microtus pennsylvanicus nesophilus,1897,1890s,"Gull Island, New York",North America,Mammals
Nelson's rice rat,Oryzomys nelsoni,1897,1890s,"María Madre Island, Mexico",North America,Mammals
Saint Vincent pygmy rice rat,Oligoryzomys victus,1898,1890s,Saint Vincent,North America,Mammals
Guadalupe caracara,Caracara lutosa,1900,1900s,"Guadalupe, Mexico",North America,Birds
Martinique giant rice rat,Megalomys desmarestii,1902,1900s,Martinique,North America,Mammals
Martinique giant rice rat,Megalomys desmarestii,1902,1900s,Martinique and Guadeloupe,North America,Mammals
Southern California kit fox,Vulpes macrotis macrotis,1903,1900s,"Southern California, U.S.",North America,Mammals
Tule shrew,Sorex ornatus juncensis,1905,1900s,"Baja California, Mexico",North America,Mammals
Merriam's elk,Cervus canadensis merriami,1906,1900s,the southwestern U.S.,North America,Mammals
Yellowfin cutthroat trout,Oncorhynchus clarki macdonaldi,After 1903,1900s,"Twin Lakes, Colorado",North America,Fish
Cuban ivory-billed woodpecker,Campephilus principalis bairdii,1990,1900s,Cuba,North America,Birds
Slender-billed grackle,Quiscalus palustris,1910,1910s,Central Mexico,North America,Birds
Newfoundland wolf,Canis lupus beothucus,1911,1910s,Newfoundland,North America,Mammals
Guadalupe storm-petrel,Oceanodroma macrodactyla,1912,1910s,"Guadalupe, Mexico",North America,Birds
Passenger pigeon,Ectopistes migratorius,1914,1910s,the eastern U.S. and eastern Canada,North America,Birds
Carolina parakeet,Conuropsis carolinensis,1918,1910s,the eastern U.S. and eastern Canada,North America,Birds
Banks Island wolf,Canis lupus bernardi,1920,1920s,the Arctic Archipelago,North America,Mammals
California grizzly bear,Ursus arctos californicus,1922,1920s,California,North America,Mammals
Anthony's woodrat,Neotoma anthonyi,1926,1920s,Mexico (only on Isla Todos Santos),North America,Mammals
Guadeloupe ameiva,Pholidoscelis cineraceus,1928,1920s,Guadeloupe,North America,Reptiles
Utah Lake sculpin,Cottus echinatus,1928,1920s,"Utah Lake, Utah",North America,Fish
Alvord cutthroat trout,Oncorhynchus clarki alvordensis,1920s,1920s,"Alvord Dry Lake, Oregon",North America,Fish
Silver trout,Salvelinus agassizi,1930,1930s,"Dublin Pond, New Hampshire",North America,Fish
Bunker's woodrat,Neotoma bunkeri,1932,1930s,Mexico (the Coronados Islands),North America,Mammals
Heath hen,Tympanuchus cupido cupido,1932,1930s,the New England region,North America,Birds
Southern Rocky Mountain wolf,Canis lupus youngi,1935,1930s,"the southern Rocky Mountains, U.S.",North America,Mammals
Dwarf hutia,Mesocapromys nanus,1937,1930s,Cuba,North America,Mammals
Grass Valley speckled dace,Rhinichthys osculus reliquus,1938,1930s,"Lander County, Nevada",North America,Fish
Pahranagat spinedace,Lepidomeda altivelis,1938,1930s,"the Pahranagat Valley, Nevada",North America,Fish
Cascade Mountains wolf,Canis lupus fuscus,1940,1940s,the Pacific Northwest,North America,Mammals
Puebla deer mouse,Peromyscus mekisturus,1948,1940s,"Puebla, Mexico",North America,Mammals
Ash Meadows killifish,Empetrichthys merriami,1948,1940s,"Ash Meadows, Nevada",North America,Fish
Grand Cayman thrush,Turdus ravidus,1940s,1940s,Grand Cayman,North America,Birds
American ivory-billed woodpecker,Campephilus principalis principalis,1944 or Afterward,1940s,the southeastern U.S.,North America,Birds
Indigo-capped hummingbird,Amazilia cyanifrons,Early 1940s,1940s,Costa Rica,North America,Birds
San Martín Island woodrat,Neotoma martinensis,1950,1950s,"San Martín Island, Mexico",North America,Mammals
Caribbean monk seal,Monachus tropicalis,1952,1950s,the Caribbean Sea,North America,Mammals
Deepwater cisco,Coregonus johannae,1952,1950s,"the Great Lakes, Canada and the U.S.",North America,Fish
New Mexico sharp-tailed grouse,Tympanuchus phasianellus hueyi,1954,1950s,the United States (Colorado and New Mexico),North America,Birds
Goff's pocket gopher,Geomys pinetis goffi,1955,1950s,Florida,North America,Mammals
Little Swan Island hutia,Geocapromys thoracatus,1955,1950s,"Little Swan Island, Honduras",North America,Mammals
Imperial woodpecker,Campephilus imperialis,1956,1950s,Mexico,North America,Birds
Least silverside,Chirostoma charari,1957,1950s,"Mesa Central, Mexico",North America,Fish
Scioto madtom,Noturus trautmani,1957,1950s,"Big Darby Creek, Ohio",North America,Fish
Pallid beach mouse,Peromyscus polionotus decoloratus,1959,1950s,Florida,North America,Mammals
Thicktail chub,Gila crassicauda,1950s,1950s,the Central Valley of California,North America,Fish
Semper's warbler,Leucopeza semperi,1961,1960s,Saint Lucia,North America,Birds
Barbados raccoon,Procyon lotor gloveralleni,1964,1960s,Barbados,North America,Mammals
Mexican grizzly bear,Ursus arctos horribilis (formerly Ursus arctos nelsoni),1964,1960s,Mexico and the southwestern U.S.,North America,Mammals
Ainsworth's salamander,Plethodon ainsworthi,1964,1960s,the U.S.,North America,Amphibians
Rio Grande bluntnose shiner,Notropis simus simus,1964,1960s,"the Rio Grande Basin, Mexico and the U.S.",North America,Fish
Blackfin cisco,Coregonus nigripinnis,1969,1960s,"the Great Lakes, Canada and the U.S.",North America,Fish
Tacoma pocket gopher,Thomomys mazama tacomensis,1970,1970s,the Pacific Northwest (Washington),North America,Mammals
Socorro elf owl,Micrathene whitneyi graysoni,1970,1970s,Mexico (Socorro Island),North America,Birds
Web-footed coquí,Eleutherodactylus karlschmidti,1974,1970s,Puerto Rico,North America,Amphibians
Longjaw cisco,Coregonus alpenae,1975,1970s,"the Great Lakes, Canada and the U.S.",North America,Fish
Phantom shiner,Notropis orca,1975,1970s,"the Rio Grande Basin, Mexico and the U.S.",North America,Fish
San Felipe hutia,Mesocapromys sanfelipensis,1978,1970s,"San Felipe, Cuba",North America,Mammals
Culebra Island giant anole,Xiphosurus roosevelti,1978,1970s,"Culebra Island, Puerto Rico",North America,Reptiles
Tecopa pupfish,Cyprinodon nevadensis calidae,1979,1970s,"the Majavo Desert Springs, California",North America,Fish
Clear Lake splittail,Pogonichthys ciscoides,1970s,1970s,"Clear Lake, California",North America,Fish
Eskimo curlew,Numenius borealis,1981,1980s,Alaska to Argentina,North America,Birds
Golden coqui,Eleutherodactylus jasperi,1981,1980s,Puerto Rico,North America,Amphibians
Blue walleye,Sander vitreus glaucus,1983,1980s,"the Great Lakes, Canada and the U.S.",North America,Fish
Endorheic chub,Evarra tlahuacensis,1983,1980s,Mexico,North America,Fish
Mexican dace,Evarra bustamantei,1983,1980s,Mexico,North America,Fish
PLateau chub,Evarra eigenmanni,1983,1980s,Mexico,North America,Fish
San Marcos gambusia,Gambusia georgei,1983,1980s,"the San Marcos Spring, Texas",North America,Fish
Shortnose cisco,Coregonus reighardi,1985,1980s,"the Great Lakes, Canada and the U.S.",North America,Fish
San Quintin kangaroo rat,Dipodomys gravipes,1986,1980s,"Baja California, Mexico",North America,Mammals
Craugastor escoces,,1986,1980s,Costa Rica,North America,Amphibians
Las Vegas dace,Rhinichthys deaconi,1986,1980s,"the Vegas Valley, Nevada",North America,Fish
Dusky seaside sparrow,Ammospiza maritima nigrescens,1987,1980s,"Florida, U.S.",North America,Birds
Bachman's warbler,Vermivora bachmanii,1988,1980s,the southeastern U.S.,North America,Birds
Maryland darter,Etheostoma sellare,1988,1980s,"Deer Creek, Maryland",North America,Fish
Garrido's hutia,Mysateles garridoi,1989,1980s,"Banco de los Jardins y Jardinillos, Cuba",North America,Mammals
Atitlán grebe,Podilymbus gigas,1989,1980s,Guatemala,North America,Birds
Golden toad,Bufo periglenes,1989,1980s,Costa Rica,North America,Amphibians
Atoyac minute salamander,Thorius infernalis,1980s,1980s,"Guerrero, Mexico",North America,Amphibians
San Martin pygmy salamander,Thorius narismagnus,1980s,1980s,"Veracruz, Mexico",North America,Amphibians
Smith Island cottontail,Sylvilagus floridanus hitchensi,Before 1987,1980s,"Smith Island, Virginia",North America,Mammals
Woolly mammoth,Mammuthus primigenius,2000,2000s,Wrangel Island (the Bering Sea),North America,Mammals
Alberca silverside,Chirostoma bartoni,2006,2000s,"the Lerma River Basin, Mexico",North America,Fish
Catarina pupfish,Megupsilon aporus,2014,2010s,"Nuevo León, Mexico",North America,Fish
Rabbs' fringe-limbed treefrog,Ecnomiohyla rabborum',2016,2010s,Panama,North America,Amphibians
American lion,Panthera atrox,11000 BC,BC,Alaska to Central America,North America,Mammals
American mastodon,Mammut americanum,8500 BC,BC,North America,North America,Mammals
American mountain deer,Odocoileus lucasi,10000 BC,BC,"the Rocky Mountains, the Guadalupe Mountains",North America,Mammals
Aztlanolagus agilis,,10000 BC,BC,southeastern Arizona to Central America,North America,Mammals
Beautiful armadillo,Dasypus bellus,8000 BC,BC,the North American Southwest to South America,North America,Mammals
Bison antiquus,,10000 BC,BC,the U.S. and Canada,North America,Mammals
Bison occidentalis,,3000 BC,BC,Alaska to Minnesota,North America,Mammals
Camelops,Camelops spp.,8000 BC,BC,Western North America,North America,Mammals
Caribbean ground sloths,,3000 BC,BC,the Caribbean islands,North America,Mammals
Columbian mammoth,Mammuthus columbi,5800 BC,BC,the northern U.S. to Central America,North America,Mammals
Dire wolf,Canis dirus,7400 BC,BC,mid-latitude North America to South America,North America,Mammals
Florida spectacled bear,Tremarctos floridanus,8000 BC,BC,the southern U.S.,North America,Mammals
Giant short-faced bear,Arctodus simus,8000 BC,BC,North America,North America,Mammals
Glyptodon,,10000 BC,BC,Central America to South America,North America,Mammals
Harlan's muskox,Bootherium bombifrons,9000 BC,BC,North America,North America,Mammals
Holmesina septentrionalis,,8000 BC,BC,the southern U.S. to South America,North America,Mammals
Jefferson's ground sloth,Megalonyx spp.,11000 BC,BC,North America,North America,Mammals
Mylohyus,"M. elmorei, M. floridanus, M. fossilis, M. gidleyi and M. nasutus",9000 BC,BC,North America,North America,Mammals
Pleistocene North American jaguar,Panthera onca augusta,10000 BC,BC,the Pacific Northwest to Panama,North America,Mammals
Pygmy mammoth,Mammuthus exilis,"10,800-11,300 BC",BC,"the Channel Islands of California, U.S.",North America,Mammals
Saber-toothed cat,Smilodon fatalis,8000 BC,BC,North America,North America,Mammals
Saiga antelope,Saiga tatarica,10000 BC,BC,North America,North America,Mammals
Scimitar-toothed cats,Homotherium sp.,10000 BC,BC,North America,North America,Mammals
Shrub-ox,Euceratherium collinum,9500 BC,BC,North America,North America,Mammals
Steppe bison,Bison priscus,5400 BC,BC,North America,North America,Mammals
Stout-legged llama,Palaeolama mirifica,10000 BC,BC,North and South America,North America,Mammals
Western horse,Equus occidentalis,10000 BC,BC,North America,North America,Mammals
Californian turkey,Meleagris californica,10000 BC,BC,California,North America,Birds
Cathartornis gracilis,,10000 BC,BC,California,North America,Birds
Daggett's eagle,Buteogallus daggetti,13000 BC,BC,"California and Nuevo León, Mexico",North America,Birds
La Brea stork,Ciconia maltha,10000 BC,BC,"the western and southern U.S., Cuba",North America,Birds
Teratorns,Teratornis merriami and Teratornis woodburnensis,8000 BC,BC,North America,North America,Birds
Cuban condor,Gymnogyps varonai,Early Holocene,Early Holocene,Cuba,North America,Birds
Aiolornis incredibilis,,Late Pleistocene,Late Pleistocene,North America,North America,Birds
Antillean cave rail,Nesotrochis debooyi,Late Pleistocene,Late Pleistocene,Puerto Rico and the U.S. Virgin Islands,North America,Birds
Woodward's eagle,Amplibuteo woodwardi,Late Pleistocene,Late Pleistocene,Caribbean,North America,Birds
Saber-toothed salmon,Oncorhynchus rastrosus,the Late Pleistocene,Late Pleistocene,the western coast of Canada and the U.S.,North America,Fish
Eastern cougar,Puma concolor couguar,Unknown (declared in 2011),Unknown,Northeastern North America,North America,Mammals
ScLater's shrew,Sorex scLateri,Unknown,Unknown,"Chiapas, Mexico",North America,Mammals
Saint Croix macaw,Ara autocthones,Unknown,Unknown,Saint Croix and Puerto Rico,North America,Birds
Gould's emerald,Chlorostilbon elegans,Unknown,Unknown,the Bahamas or Jamaica,North America,Birds
Martinique giant ameiva,Ameiva major,Unknown,Unknown,Martinique,North America,Reptiles
Saint Croix racer,Borikenophis sanctaecrucis,Unknown,Unknown,Saint Croix,North America,Reptiles
Craugastor chrysozetetes,,Unknown,Unknown,Honduras,North America,Amphibians
Bigfoot splayfoot salamander,Chiropterotriton magnipes,Unknown,Unknown,"San Luis Potosí and Querétaro, Mexico",North America,Amphibians
Amistad gambusia,Gambusia amistadensis,Unknown (declared in 1987),Unknown,"Goodenough Spring, Texas",North America,Fish
Banff longnose dace,Rhinichthys cataractae smithi,Unknown (declared in 1987),Unknown,"Banff, Alberta",North America,Fish
Cachorrito de la Trinidad,Cyprinodon inmemoriam,Unknown,Unknown,Mexico,North America,Fish
Durango shiner,Notropis aulidion,Unknown,Unknown,Mexico,North America,Fish
Graceful priapella,Priapella bonita,Unknown,Unknown,Mexico,North America,Fish
Parras characodon,Characodon garmani,Unknown,Unknown,Mexico,North America,Fish
Perrito de Parras,Cyprinodon latifasciatus,Unknown,Unknown,Mexico,North America,Fish
Perrito de Sandia,Cyprinodon spp.,Unknown,Unknown,Mexico,North America,Fish
Raycraft Ranch killifish,Empetrichthys latos concavus,Unknown,Unknown,"Raycraft Ranch, Nevada",North America,Fish
Salado shiner,Notropis saladonis,Unknown,Unknown,Mexico,North America,Fish
Snake River sucker,Chasmistes muriei,Unknown,Unknown,"the Snake River, Wyoming",North America,Fish
Stumptooth minnow,Stypodon signifer,Unknown,Unknown,Mexico,North America,Fish
Villa Lopez pupfish,Cyprinodon ceciliae,Unknown,Unknown,Mexico,North America,Fish
Martinique house wren,Troglogytes aedon martinicensis,Unknown,Unknown,Martinique and Guadeloupe,North America,Birds
Stout-legged wren,Pachyplichas yaldwyni,1000s,1000s,New Zealand,Oceania,Birds
New Zealand owlet-nightjar,Aegotheles novazelandiae,1200s,1200s,New Zealand,Oceania,Birds
Scarlett's shearwater,Puffinus spelaeus,1200s,1200s,New Zealand,Oceania,Birds
Snipe-rail,Capellirallus karamu,1200s,1200s,New Zealand,Oceania,Birds
Long-billed wren,Dendroscansor decurvirostris,1300s,1300s,New Zealand,Oceania,Birds
Waitaha penguin,Megadyptes waitaha,1300s,1300s,New Zealand,Oceania,Birds
Bush moa,Anomalopteryx didiformis,1400s,1400s,New Zealand,Oceania,Birds
Adzebill,Aptornis defossor and Aptornis otidiformis,1500s,1500s,New Zealand,Oceania,Birds
Coastal moa,Euryapteryx curtus,1500s,1500s,New Zealand,Oceania,Birds
Eastern moa,Emeus crassus,1500s,1500s,New Zealand,Oceania,Birds
Giant moa,Dinornis sp.,1500s,1500s,New Zealand,Oceania,Birds
Haast's eagle,Hieraaetus moorei,1500s,1500s,New Zealand,Oceania,Birds
Heavy-footed moa,Pachyornis elephantopus,1500s,1500s,New Zealand,Oceania,Birds
Hodgen's waterhen,Gallinula hodgenorum,1500s,1500s,New Zealand,Oceania,Birds
New Zealand geese,Cnemiornis calcitrans and Cnemiornis gracilis,1500s,1500s,New Zealand,Oceania,Birds
New Zealand raven,Corvus antipodum,1500s,1500s,New Zealand,Oceania,Birds
New Zealand musk duck,Biziura delautouri,1500s,1500s,New Zealand,Oceania,Birds
New Zealand swan,Cygnus sumnerensis,1500s,1500s,New Zealand,Oceania,Birds
Scarlett's duck,Malacorhynchus scarletti,1500s,1500s,New Zealand,Oceania,Birds
Upland moa,Megalapteryx didinus,1500s,1500s,New Zealand,Oceania,Birds
Chatham Islands duck,Pachyanas chathamica,1600s,1500s,New Zealand,Oceania,Birds
Mysterious starling,Aplonis mavornata,1774,1770s,New Zealand (Cook Islands),Oceania,Birds
Tanna ground dove,Gallicolumba ferruginea,1774,1770s,Vanuatu,Oceania,Birds
Mysterious starling,Aplonis mavornata,1774,1770s,New Zealand,Oceania,Birds
Society parakeet,Cyanoramphus ulietanus,1777,1770s,"France (Society Islands, French Polynesia)",Oceania,Birds
Tongatapu rail,Gallirallus hypoleucus,1777,1770s,Tonga,Oceania,Birds
White-winged sandpiper,Prosobonia ellisi,1777,1770s,"France (Moorea, French Polynesia)",Oceania,Birds
Eyles's harrier,Circus eylesi,1777,1770s,New Zealand,Oceania,Birds
Miller's rail,Porzana nigra,1784,1780s,"France (Tahiti, French Polynesia)",Oceania,Birds
Oceanic eclectus parrot,Eclectus infectus,1793?,1790s,Tonga and Vanuatu,Oceania,Birds
Aru flying fox,Pteropus aruensis,1800s,1800s,"Aru, Indonesia",Oceania,Mammals
Moorea sandpiper,Prosobonia ellisi,1800s,1800s,"France (Moorea, French Polynesia)",Oceania,Birds
Kiritimati sandpiper,Prosobonia cancellata,1800s,1800s,Kiritimati,Oceania,Birds
"King Island emu, dwarf emu",Dromaius novaehollandiae minor,1822,1820s,King Island,Oceania,Birds
Maupiti monarch,Pomarea pomarea,1823,1820s,"France (Maupiti, French Polynesia)",Oceania,Birds
Kosrae crake,Porzana monasa,1827,1820s,"Kosrae, Micronesia",Oceania,Birds
Kosrae starling,Aplonis corvina,1827,1820s,"Kosrae, Micronesia",Oceania,Birds
"Kangaroo Island emu, black emu",Dromaius novaehollandiae baudinianus,1827,1820s,Kangaroo Island,Oceania,Birds
Oʻahu ʻōʻō,Moho apicalis,1837,1830s,O‘ahu,Oceania,Birds
Oʻahu nukupuʻu,Hemignathus lucidus lucidus,1837,1830s,O‘ahu,Oceania,Birds
Auckland Islands shore plover,Thinornis rossi,1840,1840s,New Zealand,Oceania,Birds
Big-eared hopping-mouse,Notomys macrotis,1843,1840s,WA,Oceania,Mammals
Darling Downs hopping-mouse,Notomys mordax,1846,1840s,"NSW, Qld",Oceania,Mammals
Bay thrush,Aplonis ulietensis,1850,1850s,"France (Society Islands, French Polynesia)",Oceania,Birds
Black-fronted parakeet,Cyanoramphus zealandicus,1850,1850s,"France (Tahiti, French Polynesia)",Oceania,Birds
Christmas sandpiper,Prosobonia cancellata,1850,1850s,Kiribati,Oceania,Birds
Tasmanian emu,Dromaius novaehollandiae diemenensis,1850,1850s,Tasmania,Oceania,Birds
Liverpool pigeon,Caloenas maculata,1851,1850s,Unknown (possibly Tahiti),Oceania,Birds
Norfolk Island kaka,Nestor productus,1851,1850s,Norfolk Island,Oceania,Birds
"White-throated pigeon (Lord Howe Island), Lord Howe pigeon",Columba vitiensis godmanae,1853,1850s,Lord Howe Island,Oceania,Birds
White-footed rabbit-rat,Conilurus albipes,1857,1850s,"NSW, Qld, SA, VIC",Oceania,Mammals
Gould's mouse,Pseudomys gouldii,1857,1850s,"NSW, Qld, SA, VIC, WA",Oceania,Mammals
Kioea,Chaetoptila angustipluma,1859,1850s,Hawaii/the Big Island,Oceania,Birds
Norfolk ground dove,Gallicolumba norfolciensis,1850s,1850s,Norfolk Island,Oceania,Birds
Crested moa,Pachyornis australis,1850s,1850s,New Zealand,Oceania,Birds
ʻĀmaui,Myadestes woahensis,1850s,1850s,Oahu,Oceania,Birds
Tahitian red-billed rail,Gallirallus pacificus,Late 1800s,1850s,"France (Tahiti, French Polynesia)",Oceania,Birds
Tonga ground skink,Tachygia microlepis,Late 1800s,1850s,Tonga,Oceania,Reptiles
Dusky flying fox,Pteropus brunneus,Late 1800s,1850s,Qld,Oceania,Mammals
New Caledonian lorikeet,Charmosyna diadema,1860,1860s,France (New Caledonia),Oceania,Birds
New Caledonian rail,Gallirallus lafresnayanus,1860,1860s,France (New Caledonia),Oceania,Birds
Broad-faced potoroo,Potorous platyops,1865,1860s,WA,Oceania,Mammals
"Red-crowned parakeet (Lord Howe Island), Lord Howe parakeet",Cyanoramphus novaezelandiae subflavescens,1869,1860s,Lord Howe Island,Oceania,Birds
Oahu 'akialoa,Hemignathus ellisianus ellisanus,1860s-1940,1860s,O‘ahu,Oceania,Birds
Kawekaweau,Delcourt't giant gecko,1870,1870s,New Zealand,Oceania,Reptiles
Finsch's duck,Chenonetta finschi,1870,1870s,New Zealand,Oceania,Birds
North Island snipe,Coenocorypha barrierensis,1870,1870s,New Zealand,Oceania,Birds
Chatham Islands penguin,Eudyptes chathamensis,1872,1870s,New Zealand,Oceania,Birds
Dieffenbach's rail,Gallirallus dieffenbachii,1872,1870s,New Zealand,Oceania,Birds
Samoan wood rail,Gallinula pacifica,1873,1870s,Samoa,Oceania,Birds
Large Palau flying fox,Pteropus pilosus,1874,1870s,Palau,Oceania,Mammals
New Zealand quail,Coturnix novaezelandidae,1875,1870s,New Zealand,Oceania,Birds
Hawaiian rail,Porzana sandwichensis,1883,1880s,Hawaii/the Big Island,Oceania,Birds
Guadalcanal rat,Uromys porculus,1888,1880s,Solomon Islands,Oceania,Mammals
New Guinea big-eared bat,Pharotis imogene,1890,1890s,Papua New Guinea,Oceania,Mammals
Eastern hare-wallaby,Lagorchestes leporides,1890,1890s,"NSW, Qld, SA, VIC",Oceania,Mammals
Lesser koa finch,Rhodacanthis flaviceps,1891,1890s,Hawaii/the Big Island,Oceania,Birds
Ula-'ai-hawane,Ciridops anna,1892,1890s,Hawaii/the Big Island,Oceania,Birds
Lyall's wren,Xenicus lyalli,1894,1890s,New Zealand,Oceania,Birds
Kona grosbeak,Chloridops kona,1894,1890s,Hawaii/the Big Island,Oceania,Birds
Chatham fernbird,Bowdleria rufescens,1895,1890s,New Zealand,Oceania,Birds
Greater koa finch,Rhodacanthis palmeri,1896,1890s,Hawaii/the Big Island,Oceania,Birds
Hawai'i mamo,Drepanis pacifica,1898,1890s,the Hawaiian Islands,Oceania,Birds
Hawkins's rail,Diaphorapteryx hawkinsi,1890s,1890s,New Zealand,Oceania,Birds
New Zealand little bittern,Ixobrychus novaezelandiae,1890s,1890s,New Zealand,Oceania,Birds
Lana'i 'akialoa,Hemignathus ellisianus lanaiensis,1890s,1890s,Lana'i,Oceania,Birds
North Island takahē,Porphyrio mantelli,1894?,1890s,New Zealand,Oceania,Birds
Chatham Islands rail,Cabalus modestus,1900,1900s,New Zealand,Oceania,Birds
Long-tailed hopping-mouse,Notomys longicaudatus,1901,1900s,"NT, SA, WA",Oceania,Mammals
Greater ʻamakihi,Viridonia sagittirostris,1901,1900s,Hawaii/the Big Island,Oceania,Birds
New Zealand merganser,Mergus australis,1902,1900s,New Zealand,Oceania,Birds
Bulldog rat,Rattus nativitatis,1903,1900s,Christmas Island,Oceania,Mammals
Choiseul pigeon,Microgoura meeki,1904,1900s,Solomon Islands,Oceania,Birds
Bishop's ʻōʻō,Moho bishopi,1904,1900s,Molokai and Maui,Oceania,Birds
Chatham bellbird,Anthornis melanocephala,1906,1900s,New Zealand,Oceania,Birds
Nendo tube-nosed fruit bat,Nyctimene sanctacrucis,1907,1900s,Solomon Islands,Oceania,Mammals
Huia,Heteralocha acutirostris,1907,1900s,New Zealand,Oceania,Birds
Black mamo,Drepanis funerea,1907,1900s,Molokai and Maui,Oceania,Birds
Maclear's rat,Rattus macleari,1908,1900s,Christmas Island,Oceania,Mammals
Marquesas swamphen,Porphyrio paepae,1900?,1900s,"France (Marquesas Islands, French Polynesia)",Oceania,Birds
Oʻahu ʻakepa,Loxops coccineus wolstenholmei,1900s,1900s,O'ahu,Oceania,Birds
Roper River scrub-robin,Drymodes superciliaris colcloughi,1910,1910s,NT,Oceania,Birds
Laughing owl,Sceloglaux albifacies,1914,1910s,New Zealand,Oceania,Birds
Lāna'i hookbill,Dysmorodrepanis munroi,1918,1910s,Lāna'i,Oceania,Birds
Laysan millerbird,Acrocephalus familiaris familiaris,1910s,1910s,Laysan,Oceania,Birds
Red-moustached fruit dove,Ptilinopus mercierii,1922,1920s,"France (Marquesas Islands, French Polynesia)",Oceania,Birds
Tahiti sandpiper,Prosobonia leucoptera,1922,1920s,"France (Tahiti, French Polynesia)",Oceania,Birds
Tasman starling,Aplonis fusca,1923,1920s,"Norfolk Island and Lord Howe Island, NSW",Oceania,Birds
Robust white-eye,Zosterops strenuus,1923,1920s,Lord Howe Island,Oceania,Birds
Laysan honeycreeper,Himatione fraithii,1923,1920s,Laysan,Oceania,Birds
Lord Howe fantail,Rhipidura cervina,1924,1920s,Lord Howe Island,Oceania,Birds
Lord Howe Island thrush,Turdus poliocephalus vinitinctus,1924,1920s,Lord Howe Island,Oceania,Birds
Thick-billed ground dove,Gallicolumba salamonis,1927,1920s,Solomon Islands,Oceania,Birds
Paradise parrot,Psephotus pulcherrimus,1927,1920s,"NSW, Qld",Oceania,Birds
Wondiwoi tree-kangaroo,Dendrolagus mayri,1928,1920s,"Papua, Indonesia",Oceania,Mammals
"Lord Howe gerygone, Lord Howe warbler",Gerygone insularis,1928,1920s,Lord Howe Island,Oceania,Birds
Lesser bilby,Macrotis leucura,1931,1930s,"NT, Qld, SA",Oceania,Mammals
"Western Lewin's rail, Lewin's rail (western), Lewin water rail, Cleland's rail",Rallus pectoralis clelandi,1932,1930s,WA,Oceania,Birds
Toolache wallaby,Macropus greyi,1932,1930s,"SA, VIC",Oceania,Mammals
Lesser stick-nest rat,Leporillus apicalis,1933,1930s,"NSW, NT, SA, VIC, WA",Oceania,Mammals
Hawaiʻi ʻōʻō,Moho nobilis,1934,1930s,Hawaii/the Big Island,Oceania,Birds
Desert rat-kangaroo,Caloprymnus campestris,1935,1930s,"Qld, SA, NT",Oceania,Mammals
Central hare-wallaby,Lagorchestes asomatus,1935,1930s,NT,Oceania,Mammals
"Thylacine, Tasmanian wolf, Tasmanian tiger",Thylacinus cynocephalus,1936,1930s,Tasmania,Oceania,Mammals
Nuku Hiva monarch,Pomarea nukuhivae,1930s,1930s,"France (Nuku Hiva, French Polynesia)",Oceania,Birds
New Zealand grayling,Prototroctes oxyrhynchus,1930s,1930s,New Zealand,Oceania,Fish
Vanikoro flying fox,Pteropus tuberculatus,Before 1930,1930s,"Vanikoro, Solomon Islands",Oceania,Mammals
Hawaiʻi ʻakialoa,Hemignathus obscurus,1940,1940s,Hawaii/the Big Island,Oceania,Birds
Emma's giant rat,Uromys emmae,1944,1940s,"Papua, Indonesia",Oceania,Mammals
Laysan rail,Porzana palmeri,1944,1940s,Laysan,Oceania,Birds
Wake Island rail,Gallirallus wakensis,1945,1940s,United States (Wake Island),Oceania,Birds
Makira woodhen,Gallinula silvestris,1953,1950s,Solomon Islands,Oceania,Birds
Narrow-bodied skink,Oligosoma gracilicorpus,1955,1950s,New Zealand (North Island),Oceania,Reptiles
North Island piopio,Turnagra tanagra,1955,1950s,New Zealand,Oceania,Birds
Crescent nailtail wallaby,Onychogalea lunata,1956,1950s,"SA, WA",Oceania,Mammals
Blue-grey mouse,Pseudomys glaucus,1956,1950s,"NSW, Qld",Oceania,Mammals
"Morepork (Lord Howe Island), Lord Howe boobook, Lowe Howe morepork",Ninox novaeseelandiae albaria,1950s,1950s,Lord Howe Island,Oceania,Birds
Pig-footed bandicoot,Chaeropus ecaudatus,1950s,1950s,"NSW, NT, SA, VIC, WA",Oceania,Mammals
South Island piopio,Turnagra capensis,1963,1960s,New Zealand,Oceania,Birds
Molokaʻi creeper,Paroreomyza flammea,1963,1960s,Molokaʻi,Oceania,Birds
Greater short-tailed bat,Mystacina robusta,1965,1960s,New Zealand,Oceania,Mammals
Kauaʻi ʻakialoa,Hemignathus ellisianus stejnegeri,1965,1960s,Kauaʻi,Oceania,Birds
Guam flying fox,Pteropus tokudae,1967,1960s,United States (Guam),Oceania,Mammals
Victorian grassland earless dragon,Tympanocryptis pinguicolla,1969,1960s,VIC,Oceania,Reptiles
Emperor rat,Uromys imperator,1960s,1960s,Solomon Islands,Oceania,Mammals
South Island snipe,Coenocorypha iredalei,1960s,1960s,New Zealand,Oceania,Birds
Desert bandicoot,Perameles eremiana,Before 1960,1960s,"NT, SA, WA",Oceania,Mammals
Bush wren,Xenicus longipes,1972,1970s,New Zealand,Oceania,Birds
Bar-winged rail,Nesoclopeus poecilopterus,1973,1970s,Fiji,Oceania,Birds
Mariana mallard,Anas oustaleti,1974,1970s,United States (Northern Mariana Islands),Oceania,Birds
Eiao monarch,Pomarea fluxa,1977,1970s,France (French Polynesia),Oceania,Birds
"Mt. Glorious day frog, Mt. Glorious torrent frog, southern day frog",Taudactylus diurnus,1979,1970s,Qld,Oceania,Amphibians
Olomaʻo,Myadestes lanaiensis,1980,1980s,O‘ahu,Oceania,Birds
Gastric-brooding frog,Rheobatrachus silus,1981,1980s,Qld,Oceania,Amphibians
Guam flycatcher,Myiagra freycineti,1983,1980s,United States (Guam),Oceania,Birds
Ua Pou monarch,Pomarea mira,1985,1980s,"France (Ua Pou, French Polynesia)",Oceania,Birds
Eungella gastric-brooding frog,Rheobatrachus vitellinus,1985,1980s,Qld,Oceania,Amphibians
Oʻahu ʻalauahio,Paroreomyza maculata,1985,1980s,O‘ahu,Oceania,Birds
Kauaʻi ʻōʻō,Moho braccatus,1987,1980s,Kauaʻi,Oceania,Birds
ʻŌʻū,Psittirostra psittacea,1987,1980s,the Hawaiian Islands,Oceania,Birds
Maui ʻakepa,Loxops coccineus ochraceus,1988,1980s,M'aui,Oceania,Birds
Kāmaʻo,Myadestes myadestinus,1989,1980s,Kauaʻi,Oceania,Birds
Pohnpei starling,Aplonis pelzelni,1995,1990s,"Pohnpei, Micronesia",Oceania,Birds
"Morepork (Norfolk Island), Norfolk boobook, Norfolk Island boobook, Norfolk Island morepork",Ninox novaeseelandiae undulata,1996,1990s,Norfolk Island,Oceania,Birds
"Sharp-snouted day frog, sharp-snouted torrent frog",Taudactylus acutirostris,1997,1990s,Qld,Oceania,Amphibians
Telefomin cuscus,Phalanger matanim,1998,1990s,Papua New Guinea,Oceania,Mammals
Nukupu‘u,Hemignathus lucidus,1998,1990s,"Kaua'I, Maui and O'ahu",Oceania,Birds
Poʻouli,Melamprosops phaeosoma,2004,2000s,Maui,Oceania,Birds
Christmas Island pipistrelle,Pipistrellus murrayi,2009,2000s,Christmas Island,Oceania,Mammals
Christmas Island forest skink,Emoia nativitatis,2014,2010s,Christmas Island,Oceania,Reptiles
Bramble Cay melomys,Melomys rubicola,2016,2010s,"Bramble Cay, QLD",Oceania,Mammals
Meiolania,Meiolania sp.,400s,400s,"Australia, Lord Howe Island, New Caledonia and Vanuatu",Oceania,Reptiles
New Caledonian giant scrubfowl,Sylviornis neocaledoniae,1500 BC,BC,France (New Caledonia),Oceania,Birds
Mekosuchus,Mekosuchus sp.,1000 BC,BC,France (New Caledonia) and Vanuatu,Oceania,Reptiles
Volia,Volia athollandersoni,~1000 BC,BC,Fiji,Oceania,Reptiles
Lapitiguana,Lapitiguana impensa,~1000 BC,BC,Fiji,Oceania,Reptiles
Brachylophus gibbonsi,Brachylophus gibbonsi,~700 BC,BC,Tonga,Oceania,Reptiles
Chatham raven,Corvus moriorum,8000 BC,BC,New Zealand,Oceania,Birds
Northland skink,Oligosoma northlandi,Late Holocene,Late Holocene,New Zealand,Oceania,Reptiles
Consumed scrubfowl,Megapodius alimentum,Unknown,Unknown,Fiji and Tonga,Oceania,Birds
New Caledonian gallinule,Porphyrio kukwiedei,Unknown,Unknown,France (New Caledonia),Oceania,Birds
Noble megapode,Megavitiornis altirostris,Unknown,Unknown,Fiji,Oceania,Birds
Pile-builder megapode,Megapodius molistructor,Unknown,Unknown,France (New Caledonia) and Tonga,Oceania,Birds
Viti Levu scrubfowl,Megapodius amissus,Unknown,Unknown,Fiji,Oceania,Birds
"Western rufous bristlebird, rufous bristlebird (western), southwestern rufous bristlebird, lesser rufous bristebird",Dasyornis broadbenti litoralis,Unknown,Unknown,WA,Oceania,Birds
New Zealand pigeon (Norfolk Island subspecies),Hemiphaga novaeseelandiae spadicea,Unknown,Unknown,Norfolk Island,Oceania,Birds
Norfolk Island long-tailed triller,Lalage leucopyga leucopyga,Unknown,Unknown,Norfolk Island,Oceania,Birds
White gallinule,Porphyrio albus,Unknown,Unknown,Lord Howe Island,Oceania,Birds
Macquarie Island rail,Gallirallus philippensis macquariensis,Unknown,Unknown,Macquarie Island,Oceania,Birds
"Norfolk Island thrush, grey-headed blackbird",Turdus poliocephalus poliocephalus,Unknown,Unknown,Norfolk Island,Oceania,Birds
"White-chested white-eye, Norfolk Island silvereye",Zosterops albogularis,Unknown,Unknown,Norfolk Island,Oceania,Birds
Brush-tailed bettong (southeastern mainland),Bettongia penicillata penicillata,Unknown,Unknown,"NSW, NT, SA, VIC, WA",Oceania,Mammals
Rufous hare-wallaby (southwestern mainland),Lagorchestes hirsutus hirsutus,Unknown,Unknown,"NT, SA, WA",Oceania,Mammals
Banded hare-wallaby (mainland),Lagostrophus fasciatus albipilis,Unknown,Unknown,WA,Oceania,Mammals
Tammar wallaby (South Australia),Macropus eugenii eugenii,Unknown,Unknown,SA,Oceania,Mammals
Western barred bandicoot (mainland),Perameles bougainville fasciata,Unknown,Unknown,"NSW, VIC",Oceania,Mammals
Vespucci's rodent,Noronhomys vespuccii,1503?,1500s,Brazil,South America,Mammals
Hooded seedeater,Sporophila melanops,1823,1820s,Brazil,South America,Birds
Red-throated wood-rail,Aramides gutturalis,1843,1840s,Peru,South America,Birds
Turquoise-throated puffleg,Eriocnemis godini,1850,1850s,Colombia and Ecuador,South America,Birds
Charles Island tortoise,Chelonoidis nigra,1850,1850s,Ecuador (the Galápagos Islands),South America,Reptiles
Letitia's thorntail,Discosura letitiae,1852,1850s,Bolivia,South America,Birds
Falkland Islands wolf,Dusicyon australis,1876,1870s,the United Kingdom (the Falkland Islands),South America,Mammals
One-striped opossum,Monodelphis unistriata,1899,1890s,Argentina and Brazil,South America,Mammals
Alejandro Selkirk Island firecrown,Sephanoides fernandensis leyboldi,1908,1900s,Chile,South America,Birds
Peruvian viscacha,Lagostomus crassus,Before 1910,1910s,Peru,South America,Mammals
Darwin's Galápagos mouse,Nesoryzomys darwini,1929,1920s,Ecuador (the Galápagos Islands),South America,Mammals
Spiny-knee leaf frog,Phrynomedusa fimbriata,1920s,1920s,Brazil,South America,Amphibians
Atelopus vogli,,1933,1930s,Venezuela,South America,Amphibians
Eskimo curlew,Numenius borealis,1939,1930s,"Brazil, Argentina, Perú and Chile",South America,Birds
Indefatigable Galápagos mouse,Nesoryzomys indefessus,1930s,1930s,Ecuador (the Galápagos Islands),South America,Mammals
Titicaca orestias,Orestias cuvieri,1930s,1930s,"Lake Titicaca, Bolivia and Peru",South America,Fish
Zuniga's dark rice rat,Melanomys zunigae,1942,1940s,Peru,South America,Mammals
Caribbean monk seal,Monachus tropicalis,1952,1950s,the Caribbean Sea,South America,Mammals
Niceforo's pintail,Anas georgica niceforoi,1952,1950s,Colombia,South America,Birds
Darwin's ground finch,Geospiza magnirostris magnirostris,1957,1950s,Ecuador (the Galápagos Islands),South America,Birds
Candango mouse,Juscelinomys candango,1960,1960s,Brazil,South America,Mammals
Red-bellied gracile opossum,Cryptonanus ignitus,1962,1960s,Argentina,South America,Mammals
Glaucous macaw,Anodorhynchus glaucus,1960s,1960s,"Argentina, Brazil, Paraguay and Uruguay",South America,Birds
Colombian grebe,Podiceps andinus,1970,1970s,Colombia,South America,Birds
Chile Darwin's frog,Rhinoderma rufum,1980,1980s,Chile,South America,Amphibians
San Cristóbal vermilion flycatcher,Pyrocephalus rubinus dubius,1980s,1980s,Ecuador (the Galápagos Islands),South America,Birds
Pacific degu,Octodon pacificus,1994,1990s,"Mocha Island, Chile",South America,Mammals
Pinta Island tortoise,Chelonoidis abingdonii,2012,2010s,Ecuador (the Galápagos Islands),South America,Reptiles
Antifer,Antifer crassus,11000 BC,BC,"Argentina, Brazil and Chile",South America,Mammals
Arctotherium,Arctotherium sp.,11000 BC,BC,South America,South America,Mammals
Canis nehringi,,8000 BC,BC,South America,South America,Mammals
Cuvieronius,Cuvieronius sp.,4000 BC,BC,South America,South America,Mammals
Dire wolf,Canis dirus,11000 BC,BC,South America,South America,Mammals
Ground sloths,,6000 BC,BC,South America,South America,Mammals
Glyptodonts,,11000 BC,BC,South America,South America,Mammals
Hippidion,,10000 BC,BC,South America,South America,Mammals
Macrauchenia,Macrauchenia sp.,10000 BC,BC,South America,South America,Mammals
Neochoerus,Neochoerus sp.,10000 BC,BC,South America,South America,Mammals
Notiomastodon,Notiomastodon pLatensis,10000 BC,BC,South America,South America,Mammals
Saber-toothed cat,Smilodon populator,10000 BC,BC,northern South America,South America,Mammals
Stegomastodon,Stegomastodon sp.,10000 BC,BC,South America,South America,Mammals
Stout-legged llama,Palaeolama mirifica,10000 BC,BC,South America,South America,Mammals
Theriodictis,Theriodictis sp.,11000 BC,BC,"Bolivia, Brazil and Paraguay",South America,Mammals
Toxodon,Toxodon sp.,16500 BC,BC,South America,South America,Mammals
Xenorhinotherium,Xenorhinotherium bahiensis,10000 BC,BC,Brazil and Venezuela,South America,Mammals
Galápagos giant rat,Megaoryzomys curioi,Unknown,Unknown,Ecuador (the Galápagos Islands),South America,Mammals
Giant vampire bat,Desmodus draculae,Unknown,Unknown,"Bolivia, Brazil and Venezuela",South America,Mammals
Greasefish,Rhizosomichthys totae,Unknown,Unknown,Colombia,South America,Fish
